Imatest,2020.2.0, , CPIQ Dot Chart Analysis
File,dotpattern_example.png
Run date,23-Oct-2020 17:30:49,,Build 2020-09-30

FOV Analysis

Dot Separation, 10.000000, cm,
Target Distance, 100.000000, cm,
HFOV, 94.570564, degrees,
VFOV, 82.102242, degrees,
DFOV, 108.975172, degrees,

Lateral Color Analysis

Image Size in Pixels
Image Height, 1000
Image Width, 1236
Image Radius, 7.949365e+02

Maximum LCA CPIQ Metric, 1.144420
CPIQ Quality Loss, 0.633132
Maximum LCA in Pixels, 1.430526
Number of Dots, 330

Radial Polynomial Coefficients (radius in normalized units), r^3, r^2, r^1, r^0
Red - Green, 0.207908, -0.295842, 1.081365, -0.009188
Blue - Green, -0.284362, 0.445215, -1.773284, 0.017157

Radial Polynomial Coefficients (radius in pixels), r^3, r^2, r^1, r^0
Red - Green, 0.000000, -0.000000, 0.001360, -0.009188
Blue - Green, -0.000000, 0.000001, -0.002231, 0.017157

Radial Distances (radius in pixels), Red, Green, Blue
, 611.556138, 610.813955, 609.610716
, 603.746582, 603.013701, 601.822288
, 601.117621, 600.388306, 599.203411
, 603.746491, 603.013701, 601.822288
, 611.556139, 610.813955, 609.610716
, 641.858185, 641.078701, 639.810823
, 624.359349, 623.602073, 622.368092
, 624.359365, 623.602073, 622.368092
, 641.858185, 641.078701, 639.810823
, 689.415861, 688.574320, 687.200519
, 663.674801, 662.867951, 661.550834
, 663.675044, 662.867951, 661.550834
, 689.415861, 688.574320, 687.200519
, 718.740198, 717.855886, 716.415850
, 718.740198, 717.855886, 716.415850
, 548.564590, 547.901182, 546.820937
, 545.653867, 544.992519, 543.917662
, 548.564591, 547.901182, 546.820937
, 571.302444, 570.611186, 569.486522
, 557.195290, 556.523360, 555.425753
, 557.195290, 556.523360, 555.425753
, 571.302444, 570.611186, 569.486522
, 590.420430, 589.707038, 588.543335
, 590.420430, 589.707038, 588.543335
, 641.820584, 641.043733, 639.772781
, 614.095781, 613.353949, 612.141908
, 614.096054, 613.353949, 612.141908
, 641.820584, 641.043733, 639.772781
, 673.108881, 672.290343, 670.952007
, 673.108852, 672.290343, 670.952007
, 502.905943, 502.296894, 501.300613
, 493.230636, 492.632747, 491.652495
, 489.951593, 489.357590, 488.384824
, 493.230759, 492.632747, 491.652495
, 502.905943, 502.296894, 501.300613
, 518.589864, 517.962559, 516.934897
, 518.589864, 517.962559, 516.934897
, 565.666436, 564.983787, 563.862768
, 539.731724, 539.081514, 538.011480
, 539.731724, 539.081514, 538.011480
, 565.666352, 564.983787, 563.862768
, 595.739873, 595.019517, 593.836957
, 595.739873, 595.019517, 593.836957
, 629.343083, 628.579279, 627.328342
, 629.343213, 628.579279, 627.328342
, 437.621543, 437.091701, 436.218650
, 433.892653, 433.366735, 432.500001
, 437.621657, 437.091701, 436.218650
, 466.309353, 465.746256, 464.816743
, 448.621297, 448.076192, 447.183336
, 448.621297, 448.076192, 447.183336
, 466.309253, 465.746256, 464.816743
, 489.918034, 489.323055, 488.350948
, 489.918034, 489.323055, 488.350948
, 551.389976, 550.723767, 549.627312
, 518.558764, 517.931337, 516.902605
, 518.558738, 517.931337, 516.902605
, 551.389976, 550.723767, 549.627312
, 587.665745, 586.953538, 585.787439
, 587.665969, 586.953538, 585.787439
, 414.653689, 414.151102, 413.323398
, 394.416775, 393.936493, 393.148000
, 381.714644, 381.247599, 380.486046
, 377.381879, 376.921579, 376.164472
, 381.714460, 381.247599, 380.486046
, 394.416775, 393.936493, 393.148000
, 414.653753, 414.151102, 413.323398
, 441.289923, 440.756222, 439.873915
, 441.289923, 440.756222, 439.873915
, 473.158081, 472.584424, 471.642526
, 473.158223, 472.584424, 471.642526
, 509.179448, 508.562941, 507.551779
, 509.179448, 508.562941, 507.551779
, 548.462677, 547.800555, 546.713736
, 548.462658, 547.800555, 546.713736
, 325.544821, 325.145486, 324.491018
, 320.394378, 320.001276, 319.355810
, 325.544743, 325.145486, 324.491018
, 364.002892, 363.558140, 362.828410
, 340.500262, 340.084289, 339.403455
, 340.500262, 340.084289, 339.403455
, 364.003245, 363.558140, 362.828410
, 430.066663, 429.543511, 428.688164
, 394.379634, 393.898584, 393.109119
, 394.379634, 393.898584, 393.109119
, 430.066784, 429.543511, 428.688164
, 469.706952, 469.137197, 468.204225
, 469.706952, 469.137197, 468.204225
, 512.289991, 511.671141, 510.653405
, 512.290021, 511.671141, 510.653405
, 315.109367, 314.724042, 314.091189
, 287.340278, 286.986661, 286.411490
, 269.231076, 268.898988, 268.356515
, 262.905162, 262.581623, 262.052531
, 269.231076, 268.898988, 268.356515
, 287.340278, 286.986661, 286.411490
, 315.109353, 314.724042, 314.091189
, 390.165962, 389.692663, 388.911863
, 350.065086, 349.637041, 348.935229
, 350.065086, 349.637041, 348.935229
, 390.165959, 389.692663, 388.911863
, 433.798611, 433.270036, 432.408328
, 433.798611, 433.270036, 432.408328
, 479.870141, 479.291268, 478.335322
, 479.870311, 479.291268, 478.335322
, 213.120987, 212.858016, 212.427549
, 204.991788, 204.739287, 204.325601
, 213.121401, 212.858016, 212.427549
, 309.736752, 309.361027, 308.737564
, 269.188774, 268.858555, 268.318840
, 235.776717, 235.487249, 235.011875
, 235.776717, 235.487249, 235.011875
, 269.189025, 268.858555, 268.318840
, 309.736752, 309.361027, 308.737564
, 354.735351, 354.302597, 353.592864
, 354.735620, 354.302597, 353.592864
, 452.105599, 451.557220, 450.658718
, 402.556398, 402.067040, 401.263416
, 402.556398, 402.067040, 401.263416
, 452.105753, 451.557220, 450.658718
, 275.341258, 275.002180, 274.451112
, 228.446648, 228.166688, 227.706752
, 187.599012, 187.369265, 186.991426
, 157.943627, 157.749882, 157.431742
, 146.699807, 146.521180, 146.224118
, 157.943568, 157.749882, 157.431742
, 187.599012, 187.369265, 186.991426
, 228.447063, 228.166688, 227.706752
, 275.341258, 275.002180, 274.451112
, 377.269014, 376.807759, 376.052821
, 325.452813, 325.053766, 324.401853
, 325.452882, 325.053766, 324.401853
, 377.269014, 376.807759, 376.052821
, 429.994877, 429.473695, 428.614820
, 429.994939, 429.473695, 428.614820
, 146.668762, 146.488270, 146.194643
, 105.882027, 105.752895, 105.543136
, 88.141105, 88.031587, 87.852831
, 105.882002, 105.752895, 105.543136
, 146.668762, 146.488270, 146.194643
, 359.341927, 358.903373, 358.184386
, 304.249930, 303.878272, 303.266778
, 249.661136, 249.354680, 248.850158
, 196.449858, 196.208804, 195.812311
, 196.449895, 196.208804, 195.812311
, 249.661136, 249.354680, 248.850158
, 304.249930, 303.878272, 303.266778
, 359.341927, 358.903373, 358.184386
, 414.531513, 414.026766, 413.199848
, 414.531621, 414.026766, 413.199848
, 406.565652, 406.071661, 405.257340
, 350.004049, 349.577286, 348.877337
, 293.031259, 292.670704, 292.081161
, 235.720376, 235.429478, 234.953940
, 178.238797, 178.019515, 177.659486
, 121.010151, 120.861753, 120.620156
, 65.689720, 65.609019, 65.480934
, 29.394355, 29.359378, 29.302947
, 65.689720, 65.609019, 65.480934
, 121.010151, 120.861753, 120.620156
, 178.238872, 178.019515, 177.659486
, 235.720376, 235.429478, 234.953940
, 293.031370, 292.670704, 292.081161
, 350.004049, 349.577286, 348.877337
, 406.565944, 406.071661, 405.257340
, 406.565473, 406.071661, 405.257340
, 350.003871, 349.577286, 348.877337
, 293.031165, 292.670704, 292.081161
, 235.720386, 235.429478, 234.953940
, 235.720386, 235.429478, 234.953940
, 293.031276, 292.670704, 292.081161
, 350.003871, 349.577286, 348.877337
, 406.565765, 406.071661, 405.257340
, 178.238761, 178.019515, 177.659486
, 121.009857, 120.861753, 120.620156
, 65.689271, 65.609019, 65.480934
, 29.393928, 29.359524, 29.303447
, 65.689271, 65.609019, 65.480934
, 121.009857, 120.861753, 120.620156
, 178.238835, 178.019515, 177.659486
, 414.531513, 414.026766, 413.199848
, 359.341927, 358.903373, 358.184395
, 359.341927, 358.903373, 358.184395
, 414.531621, 414.026766, 413.199848
, 304.249930, 303.878272, 303.266778
, 249.661017, 249.354680, 248.850158
, 196.449930, 196.208879, 195.812556
, 146.668832, 146.488270, 146.194643
, 105.882027, 105.752895, 105.543136
, 88.141105, 88.031587, 87.852831
, 105.882002, 105.752895, 105.543136
, 146.668832, 146.488270, 146.194643
, 196.449967, 196.208879, 195.812556
, 249.661017, 249.354680, 248.850158
, 304.249930, 303.878272, 303.266778
, 429.994728, 429.473695, 428.614820
, 377.268873, 376.807759, 376.052821
, 377.268873, 376.807759, 376.052821
, 429.994790, 429.473695, 428.614820
, 325.452797, 325.053766, 324.401853
, 275.341258, 275.002180, 274.451112
, 228.446648, 228.166688, 227.706752
, 187.598691, 187.369265, 186.991426
, 157.943632, 157.749882, 157.431742
, 157.943573, 157.749882, 157.431742
, 187.598691, 187.369265, 186.991426
, 228.447063, 228.166688, 227.706752
, 275.341258, 275.002180, 274.451112
, 325.452866, 325.053766, 324.401853
, 146.699807, 146.521180, 146.224118
, 452.105599, 451.557220, 450.658718
, 452.105753, 451.557220, 450.658718
, 402.556398, 402.067040, 401.263416
, 354.735351, 354.302597, 353.592864
, 354.735620, 354.302597, 353.592864
, 402.556398, 402.067040, 401.263416
, 309.736752, 309.361027, 308.737564
, 269.188660, 268.858647, 268.319196
, 235.776254, 235.487249, 235.011875
, 235.776254, 235.487249, 235.011875
, 269.188911, 268.858647, 268.319196
, 309.736752, 309.361027, 308.737564
, 213.120608, 212.858016, 212.427549
, 204.990671, 204.739287, 204.325601
, 213.121022, 212.858016, 212.427549
, 479.870141, 479.291268, 478.335322
, 479.870311, 479.291268, 478.335322
, 433.797981, 433.269979, 432.408281
, 433.797981, 433.269979, 432.408281
, 390.165520, 389.692663, 388.911863
, 350.064508, 349.637041, 348.935229
, 350.064508, 349.637041, 348.935229
, 390.165517, 389.692663, 388.911863
, 315.108200, 314.724042, 314.091189
, 287.339757, 286.986661, 286.411490
, 287.339757, 286.986661, 286.411490
, 315.108187, 314.724042, 314.091189
, 269.231076, 268.898988, 268.356515
, 262.904329, 262.581623, 262.052531
, 269.231076, 268.898988, 268.356515
, 512.290075, 511.671141, 510.653405
, 512.290104, 511.671141, 510.653405
, 469.706915, 469.137197, 468.204100
, 469.706915, 469.137197, 468.204100
, 430.066663, 429.543511, 428.688164
, 430.066784, 429.543511, 428.688164
, 394.379634, 393.898584, 393.109119
, 364.002841, 363.558271, 362.828757
, 364.003194, 363.558271, 362.828757
, 394.379634, 393.898584, 393.109119
, 340.500176, 340.084289, 339.403455
, 325.544754, 325.145486, 324.491018
, 320.394378, 320.001276, 319.355810
, 325.544675, 325.145486, 324.491018
, 340.500176, 340.084289, 339.403455
, 548.462677, 547.800555, 546.713736
, 548.462658, 547.800555, 546.713736
, 509.179448, 508.562941, 507.551779
, 509.179448, 508.562941, 507.551779
, 473.158081, 472.584424, 471.642526
, 473.158223, 472.584424, 471.642526
, 441.289923, 440.756222, 439.873915
, 414.653689, 414.151102, 413.323398
, 414.653753, 414.151102, 413.323398
, 441.289923, 440.756222, 439.873915
, 394.416775, 393.936493, 393.148000
, 381.714582, 381.247599, 380.486046
, 377.381879, 376.921579, 376.164472
, 381.714398, 381.247599, 380.486046
, 394.416775, 393.936493, 393.148000
, 587.665356, 586.953538, 585.787439
, 587.665581, 586.953538, 585.787439
, 551.389436, 550.723767, 549.627312
, 551.389436, 550.723767, 549.627312
, 518.558355, 517.931205, 516.902343
, 518.558329, 517.931205, 516.902343
, 489.917667, 489.323055, 488.350948
, 489.917667, 489.323055, 488.350948
, 466.308545, 465.746256, 464.816746
, 448.621297, 448.076192, 447.183336
, 437.620595, 437.091701, 436.218650
, 437.620709, 437.091701, 436.218650
, 448.621297, 448.076192, 447.183336
, 466.308445, 465.746256, 464.816746
, 433.891556, 433.366735, 432.500006
, 629.343083, 628.579279, 627.328342
, 629.343213, 628.579279, 627.328342
, 595.739649, 595.019517, 593.836957
, 595.739649, 595.019517, 593.836957
, 565.666186, 564.983787, 563.862768
, 565.666102, 564.983787, 563.862768
, 539.731724, 539.081514, 538.011480
, 539.731724, 539.081514, 538.011480
, 518.589598, 517.962559, 516.934897
, 502.905943, 502.296894, 501.300613
, 493.230636, 492.632747, 491.652495
, 493.230759, 492.632747, 491.652495
, 502.905943, 502.296894, 501.300613
, 518.589598, 517.962559, 516.934897
, 489.951593, 489.357590, 488.384824
, 673.108881, 672.290343, 670.952007
, 673.108852, 672.290343, 670.952007
, 641.820601, 641.043733, 639.772781
, 641.820601, 641.043733, 639.772781
, 614.095671, 613.353949, 612.141908
, 614.095944, 613.353949, 612.141908
, 590.420430, 589.707038, 588.543335
, 571.302444, 570.611186, 569.486522
, 571.302444, 570.611186, 569.486522
, 590.420430, 589.707038, 588.543335
, 557.195214, 556.523360, 555.425753
, 548.564590, 547.901182, 546.820937
, 545.653867, 544.992519, 543.917662
, 548.564591, 547.901182, 546.820937
, 557.195214, 556.523360, 555.425753
, 718.740198, 717.855886, 716.415850
, 718.740198, 717.855886, 716.415850
, 689.415762, 688.574320, 687.200519
, 689.415762, 688.574320, 687.200519
, 663.674705, 662.867951, 661.550834
, 641.858185, 641.078701, 639.810823
, 641.858185, 641.078701, 639.810823
, 663.674948, 662.867951, 661.550834
, 624.359345, 623.602073, 622.368092
, 611.556138, 610.813955, 609.610716
, 603.746582, 603.013701, 601.822288
, 601.117621, 600.388306, 599.203411
, 603.746491, 603.013701, 601.822288
, 611.556139, 610.813955, 609.610716
, 624.359361, 623.602073, 622.368092

Dot Center Coordinates, Green X Coordinate, Green Y Coordinate, Blue X Coord, Blue Y Coord, Red X Coord, Red Y Coord
, -600.033886, -114.249826, -598.851354, -114.027543, -600.763533, -114.385696 
, -600.299574, -57.148441, -599.113230, -57.038621, -601.029455, -57.214763 
, -600.388306, 0.000000, -599.203411, 0.000000, -601.117621, 0.000000 
, -600.299574, 57.148441, -599.113230, 57.038621, -601.029355, 57.214860 
, -600.033886, 114.249826, -598.851354, 114.027543, -600.763533, 114.385703 
, -599.108192, -228.147484, -597.924053, -227.694348, -599.837390, -228.422932 
, -599.625357, -171.257050, -598.438106, -170.920668, -600.353812, -171.463980 
, -599.625357, 171.257050, -598.438106, 170.920668, -600.353693, 171.464455 
, -599.108192, 228.147484, -597.924053, 227.694348, -599.837390, 228.422932 
, -597.903746, -341.534340, -596.712047, -340.850828, -598.633668, -341.953156 
, -598.517173, -284.905445, -597.328998, -284.337079, -599.247392, -285.248671 
, -598.517173, 284.905445, -597.328998, 284.337079, -599.247569, 285.248864 
, -597.903746, 341.534340, -596.712047, 340.850828, -598.633668, 341.953156 
, -597.357749, -398.096461, -596.163521, -397.291739, -598.094527, -398.585509 
, -597.357749, 398.096461, -596.163521, 397.291739, -598.094527, 398.585509 
, -544.892003, -57.344666, -543.817260, -57.235691, -545.551997, -57.411916 
, -544.992519, -0.000000, -543.917662, 0.000000, -545.653867, -0.000000 
, -544.892003, 57.344666, -543.817260, 57.235691, -545.551997, 57.411918 
, -544.142040, -171.774753, -543.069665, -171.435813, -544.801740, -171.981239 
, -544.592934, -114.615822, -543.518454, -114.391685, -545.250628, -114.753403 
, -544.592934, 114.615822, -543.518454, 114.391685, -545.250628, 114.753403 
, -544.142040, 171.774753, -543.069665, 171.435813, -544.801740, 171.981239 
, -543.519882, -228.780525, -542.448595, -228.326035, -544.178518, -229.054631 
, -543.519882, 228.780525, -542.448595, 228.326035, -544.178518, 229.054631 
, -542.051510, -342.223943, -540.978569, -341.542676, -542.710040, -342.636067 
, -542.810425, -285.586957, -541.739097, -285.020116, -543.468029, -285.930288 
, -542.810425, 285.586957, -541.739097, 285.020116, -543.468230, 285.930491 
, -542.051510, 342.223943, -540.978569, 341.542676, -542.710040, 342.636067 
, -541.301702, -398.706375, -540.226452, -397.909508, -541.961086, -399.191367 
, -541.301702, 398.706375, -540.226452, 397.909508, -541.960985, 399.191454 
, -488.956228, -114.995551, -487.985077, -114.773118, -489.549359, -115.133893 
, -489.260630, -57.541805, -488.286654, -57.430996, -489.854631, -57.609905 
, -489.357590, -0.000000, -488.384824, -0.000000, -489.951593, 0.000000 
, -489.260630, 57.541805, -488.286654, 57.430996, -489.854721, 57.610188 
, -488.956228, 114.995551, -487.985077, 114.773118, -489.549359, 115.133893 
, -488.452497, -172.335053, -487.482270, -171.996292, -489.044387, -172.542849 
, -488.452497, 172.335053, -487.482270, 171.996292, -489.044387, 172.542849 
, -487.026476, -286.377183, -486.059559, -285.809948, -487.615122, -286.722880 
, -487.803374, -229.470581, -486.834251, -229.016954, -488.392083, -229.746615 
, -487.803374, 229.470581, -486.834251, 229.016954, -488.392083, 229.746615 
, -487.026476, 286.377183, -486.059559, 285.809948, -487.614841, 286.723192 
, -486.169957, -343.055388, -485.204173, -342.372958, -486.760002, -343.468625 
, -486.169957, 343.055388, -485.204173, 342.372958, -486.760002, 343.468625 
, -485.288936, -399.507896, -484.322425, -398.713729, -485.877629, -399.994557 
, -485.288936, 399.507896, -484.322425, 398.713729, -485.877727, 399.994642 
, -433.261048, -57.740969, -432.395037, -57.630226, -433.786418, -57.809678 
, -433.366735, 0.000000, -432.500001, 0.000000, -433.892653, 0.000000 
, -433.261048, 57.740969, -432.395037, 57.630226, -433.786519, 57.809778 
, -432.455770, -172.920740, -431.591099, -172.579627, -432.978380, -173.130397 
, -432.956429, -115.416654, -432.092408, -115.191524, -433.484408, -115.552310 
, -432.956429, 115.416654, -432.092408, 115.191524, -433.484408, 115.552310 
, -432.455770, 172.920740, -431.591099, 172.579627, -432.978199, 173.130582 
, -431.791947, -230.201579, -430.933324, -229.745769, -432.316538, -230.482300 
, -431.791947, 230.201579, -430.933324, 229.745769, -432.316538, 230.482300 
, -430.100264, -343.962834, -429.244077, -343.277882, -430.622632, -344.376327 
, -430.992838, -287.224727, -430.136899, -286.654062, -431.515802, -287.571390 
, -430.992838, 287.224727, -430.136899, 286.654062, -431.515710, 287.571481 
, -430.100264, 343.962834, -429.244077, 343.277882, -430.622632, 344.376327 
, -429.165228, -400.414365, -428.312224, -399.619271, -429.686010, -400.900188 
, -429.165228, 400.414365, -428.312224, 399.619271, -429.685901, 400.900634 
, -376.055595, -173.503097, -375.303092, -173.158370, -376.512512, -173.712434 
, -376.528888, -115.810003, -375.774347, -115.581097, -376.988077, -115.950776 
, -376.817941, -57.948005, -376.064555, -57.836680, -377.279906, -58.016740 
, -376.921579, -0.000000, -376.164472, 0.000000, -377.381879, -0.000000 
, -376.817941, 57.948005, -376.064555, 57.836680, -377.279690, 58.016932 
, -376.528888, 115.810003, -375.774347, 115.581097, -376.988077, 115.950776 
, -376.055595, 173.503097, -375.303092, 173.158370, -376.512497, 173.712620 
, -375.410086, -230.940067, -374.658216, -230.478376, -375.865217, -231.218803 
, -375.410086, 230.940067, -374.658216, 230.478376, -375.865217, 231.218803 
, -374.631240, -288.075461, -373.884696, -287.501141, -375.087052, -288.423772 
, -374.631240, 288.075461, -373.884696, 287.501141, -375.087149, 288.423879 
, -373.753958, -344.882942, -373.011439, -344.196564, -374.208005, -345.299985 
, -373.753958, 344.882942, -373.011439, 344.196564, -374.208005, 345.299985 
, -372.822792, -401.358460, -372.083717, -400.561626, -373.274447, -401.842625 
, -372.822792, 401.358460, -372.083717, 400.561626, -373.274226, 401.842804 
, -319.904937, -58.141366, -319.260113, -58.029312, -320.298295, -58.210249 
, -320.001276, -0.000000, -319.355810, -0.000000, -320.394378, -0.000000 
, -319.904937, 58.141366, -319.260113, 58.029312, -320.298195, 58.210356 
, -319.196203, -174.035356, -318.553886, -173.689023, -319.587199, -174.247317 
, -319.621823, -116.186119, -318.980652, -115.957098, -320.013688, -116.325698 
, -319.621823, 116.186119, -318.980652, 115.957098, -320.013688, 116.325698 
, -319.196203, 174.035356, -318.553886, 173.689023, -319.587454, 174.247587 
, -317.885829, -288.887915, -317.252698, -288.312794, -318.273859, -289.238802 
, -318.596807, -231.629379, -317.957487, -231.166208, -318.988947, -231.908058 
, -318.596807, 231.629379, -317.957487, 231.166208, -318.988947, 231.908058 
, -317.885829, 288.887915, -317.252698, 288.312794, -318.273938, 289.238896 
, -317.073936, -345.765569, -316.441817, -345.079371, -317.459010, -346.185495 
, -317.073936, 345.765569, -316.441817, 345.079371, -317.459010, 346.185495 
, -316.193788, -402.279561, -315.566217, -401.478346, -316.575174, -402.766924 
, -316.193788, 402.279561, -315.566217, 401.478346, -316.574978, 402.767115 
, -261.896666, -174.531828, -261.369018, -174.182409, -262.218787, -174.743300 
, -262.265970, -116.524268, -261.738748, -116.294323, -262.589625, -116.666722 
, -262.500363, -58.311449, -261.969334, -58.200407, -262.825084, -58.381053 
, -262.581623, 0.000000, -262.052531, -0.000000, -262.905162, 0.000000 
, -262.500363, 58.311449, -261.969334, 58.200407, -262.825084, 58.381053 
, -262.265970, 116.524268, -261.738748, 116.294323, -262.589625, 116.666722 
, -261.896666, 174.531828, -261.369018, 174.182409, -262.218710, 174.743391 
, -260.744460, -289.607834, -260.223605, -289.026144, -261.062476, -289.958379 
, -261.365081, -232.237712, -260.840058, -231.771996, -261.686162, -232.520788 
, -261.365081, 232.237712, -260.840058, 231.771996, -261.686162, 232.520788 
, -260.744460, 289.607834, -260.223605, 289.026144, -261.062364, 289.958476 
, -260.028321, -346.566294, -259.510914, -345.877215, -260.344516, -346.989867 
, -260.028321, 346.566294, -259.510914, 345.877215, -260.344516, 346.989867 
, -259.244799, -403.128086, -258.729310, -402.323035, -259.555463, -403.616544 
, -259.244799, 403.128086, -258.729310, 402.323035, -259.555344, 403.616821 
, -204.673160, -58.458810, -204.258624, -58.342766, -204.927044, -58.527446 
, -204.739287, 0.000000, -204.325601, 0.000000, -204.991788, -0.000000 
, -204.673160, 58.458810, -204.258624, 58.342766, -204.927343, 58.527903 
, -203.753368, -232.784900, -203.344734, -232.314016, -204.000709, -233.067728 
, -204.160662, -174.938123, -203.750292, -174.587566, -204.413126, -175.150992 
, -204.479808, -116.800055, -204.065992, -116.566086, -204.731380, -116.943243 
, -204.479808, 116.800055, -204.065992, 116.566086, -204.731380, 116.943243 
, -204.160662, 174.938123, -203.750292, 174.587566, -204.413150, 175.151350 
, -203.753368, 232.784900, -203.344734, 232.314016, -204.000709, 233.067728 
, -203.222066, -290.225985, -202.818990, -289.641797, -203.470020, -290.580660 
, -203.222066, 290.225985, -202.818990, 289.641797, -203.470198, 290.580865 
, -202.001773, -403.855428, -201.601335, -403.051092, -202.243752, -404.347546 
, -202.644353, -347.265275, -202.241396, -346.569974, -202.890957, -347.687953 
, -202.644353, 347.265275, -202.241396, 346.569974, -202.890957, 347.687953 
, -202.001773, 403.855428, -201.601335, 403.051092, -202.243744, 404.347722 
, -145.794565, -233.174064, -145.502356, -232.706848, -145.972318, -233.462825 
, -146.097731, -175.258353, -145.802343, -174.905807, -146.277017, -175.473375 
, -146.331243, -117.023112, -146.036394, -116.786836, -146.511350, -117.165752 
, -146.472821, -58.572501, -146.176136, -58.457595, -146.653725, -58.641914 
, -146.521180, 0.000000, -146.224118, 0.000000, -146.699807, -0.000000 
, -146.472821, 58.572501, -146.176136, 58.457595, -146.653623, 58.642011 
, -146.331243, 117.023112, -146.036394, 116.786836, -146.511350, 117.165752 
, -146.097731, 175.258353, -145.802343, 174.905807, -146.277338, 175.473647 
, -145.794565, 233.174064, -145.502356, 232.706848, -145.972318, 233.462825 
, -144.964176, -347.806663, -144.676383, -347.108727, -145.141641, -348.232413 
, -145.408435, -290.716937, -145.120353, -290.132118, -145.586677, -291.073965 
, -145.408435, 290.716937, -145.120353, 290.132118, -145.586454, 291.074153 
, -144.964176, 347.806663, -144.676383, 347.108727, -145.141641, 348.232413 
, -144.493651, -404.436942, -144.207618, -403.627089, -144.665728, -404.928910 
, -144.493651, 404.436942, -144.207618, 403.627089, -144.665641, 404.929006 
, -87.913494, -117.175213, -87.736015, -116.941290, -88.021474, -117.319844 
, -88.003862, -58.642945, -87.828265, -58.528194, -88.111647, -58.714063 
, -88.031587, 0.000000, -87.852831, -0.000000, -88.141105, -0.000000 
, -88.003862, 58.642945, -87.828265, 58.528194, -88.111554, 58.714159 
, -87.913494, 117.175213, -87.736015, 116.941290, -88.021474, 117.319844 
, -87.074634, -348.180470, -86.904736, -347.481829, -87.179116, -348.606400 
, -87.347262, -291.054050, -87.173869, -290.467650, -87.452095, -291.410623 
, -87.589224, -233.464953, -87.413743, -232.991928, -87.695211, -233.752503 
, -87.769942, -175.483138, -87.594282, -175.127676, -87.877205, -175.699014 
, -87.769942, 175.483138, -87.594282, 175.127676, -87.877110, 175.699103 
, -87.589224, 233.464953, -87.413743, 232.991928, -87.695211, 233.752503 
, -87.347262, 291.054050, -87.173869, 290.467650, -87.452095, 291.410623 
, -87.074634, 348.180470, -86.904736, 347.481829, -87.179116, 348.606400 
, -86.778035, -404.830503, -86.608426, -404.021156, -86.883699, -405.324066 
, -86.778035, 404.830503, -86.608426, 404.021156, -86.883810, 405.324153 
, -28.939965, -405.039100, -28.885585, -404.226589, -28.975151, -405.531836 
, -29.039867, -348.369007, -28.987148, -347.671025, -29.074889, -348.794331 
, -29.131655, -291.217252, -29.076377, -290.630296, -29.166395, -291.576131 
, -29.210945, -233.610273, -29.156274, -233.137868, -29.245907, -233.899065 
, -29.273509, -175.596154, -29.218005, -175.240410, -29.310731, -175.812257 
, -29.321196, -117.251144, -29.265540, -117.016025, -29.355865, -117.395443 
, -29.349071, -58.678577, -29.291466, -58.564176, -29.385878, -58.750400 
, -29.359378, -0.000000, -29.302947, 0.000000, -29.394355, 0.000000 
, -29.349071, 58.678577, -29.291466, 58.564176, -29.385878, 58.750400 
, -29.321196, 117.251144, -29.265540, 117.016025, -29.355865, 117.395443 
, -29.273509, 175.596154, -29.218005, 175.240410, -29.310643, 175.812348 
, -29.210945, 233.610273, -29.156274, 233.137868, -29.245907, 233.899065 
, -29.131655, 291.217252, -29.076377, 290.630296, -29.166502, 291.576231 
, -29.039867, 348.369007, -28.987148, 347.671025, -29.074889, 348.794331 
, -28.939965, 405.039100, -28.885585, 404.226589, -28.975485, 405.532105 
, 28.939965, -405.039100, 28.885585, -404.226589, 28.973829, -405.531751 
, 29.039867, -348.369007, 28.987148, -347.671025, 29.073750, -348.794247 
, 29.131655, -291.217252, 29.076377, -290.630296, 29.165537, -291.576123 
, 29.210945, -233.610273, 29.156274, -233.137868, 29.245346, -233.899145 
, 29.210945, 233.610273, 29.156274, 233.137868, 29.245346, 233.899145 
, 29.131655, 291.217252, 29.076377, 290.630296, 29.165643, 291.576224 
, 29.039867, 348.369007, 28.987148, 347.671025, 29.073750, 348.794247 
, 28.939965, 405.039100, 28.885585, 404.226589, 28.974163, 405.532020 
, 29.273509, -175.596154, 29.218005, -175.240410, 29.309611, -175.812407 
, 29.321196, -117.251144, 29.265540, -117.016025, 29.354757, -117.395417 
, 29.349071, -58.678577, 29.291466, -58.564176, 29.384732, -58.750471 
, 29.359524, 0.000000, 29.303447, 0.000000, 29.393928, 0.000000 
, 29.349071, 58.678577, 29.291466, 58.564176, 29.384732, 58.750471 
, 29.321196, 117.251144, 29.265540, 117.016025, 29.354757, 117.395417 
, 29.273509, 175.596154, 29.218005, 175.240410, 29.309522, 175.812497 
, 86.778035, -404.830503, 86.608426, -404.021156, 86.883699, -405.324066 
, 87.074634, -348.180470, 86.904593, -347.481873, 87.179116, -348.606400 
, 87.074634, 348.180470, 86.904593, 347.481873, 87.179116, 348.606400 
, 86.778035, 404.830503, 86.608426, 404.021156, 86.883810, 405.324153 
, 87.347262, -291.054050, 87.173869, -290.467650, 87.452095, -291.410623 
, 87.589224, -233.464953, 87.413743, -232.991928, 87.695171, -233.752391 
, 87.770082, -175.483153, 87.594682, -175.127750, 87.877343, -175.699026 
, 87.913494, -117.175213, 87.736015, -116.941290, 88.021424, -117.319969 
, 88.003862, -58.642945, 87.828265, -58.528194, 88.111647, -58.714063 
, 88.031587, 0.000000, 87.852831, 0.000000, 88.141105, 0.000000 
, 88.003862, 58.642945, 87.828265, 58.528194, 88.111554, 58.714159 
, 87.913494, 117.175213, 87.736015, 116.941290, 88.021424, 117.319969 
, 87.770082, 175.483153, 87.594682, 175.127750, 87.877248, 175.699114 
, 87.589224, 233.464953, 87.413743, 232.991928, 87.695171, 233.752391 
, 87.347262, 291.054050, 87.173869, 290.467650, 87.452095, 291.410623 
, 144.493651, -404.436942, 144.207618, -403.627089, 144.665681, -404.928768 
, 144.964176, -347.806663, 144.676383, -347.108727, 145.141494, -348.232321 
, 144.964176, 347.806663, 144.676383, 347.108727, 145.141494, 348.232321 
, 144.493651, 404.436942, 144.207618, 403.627089, 144.665593, 404.928865 
, 145.408435, -290.716937, 145.120353, -290.132118, 145.586586, -291.073992 
, 145.794565, -233.174064, 145.502356, -232.706848, 145.972318, -233.462825 
, 146.097731, -175.258353, 145.802343, -174.905807, 146.277017, -175.473375 
, 146.331243, -117.023112, 146.036394, -116.786836, 146.511164, -117.165471 
, 146.472821, -58.572501, 146.176136, -58.457595, 146.653680, -58.642040 
, 146.472821, 58.572501, 146.176136, 58.457595, 146.653578, 58.642138 
, 146.331243, 117.023112, 146.036394, 116.786836, 146.511164, 117.165471 
, 146.097731, 175.258353, 145.802343, 174.905807, 146.277338, 175.473647 
, 145.794565, 233.174064, 145.502356, 232.706848, 145.972318, 233.462825 
, 145.408435, 290.716937, 145.120353, 290.132118, 145.586364, 291.074180 
, 146.521180, 0.000000, 146.224118, 0.000000, 146.699807, -0.000000 
, 202.001773, -403.855428, 201.601335, -403.051092, 202.243752, -404.347546 
, 202.001773, 403.855428, 201.601335, 403.051092, 202.243744, 404.347722 
, 202.644353, -347.265275, 202.241396, -346.569974, 202.890957, -347.687953 
, 203.222066, -290.225985, 202.818990, -289.641797, 203.470020, -290.580660 
, 203.222066, 290.225985, 202.818990, 289.641797, 203.470198, 290.580865 
, 202.644353, 347.265275, 202.241396, 346.569974, 202.890957, 347.687953 
, 203.753368, -232.784900, 203.344734, -232.314016, 204.000709, -233.067728 
, 204.160803, -174.938100, 203.750833, -174.587483, 204.412996, -175.150968 
, 204.479808, -116.800055, 204.065992, -116.566086, 204.730805, -116.943319 
, 204.479808, 116.800055, 204.065992, 116.566086, 204.730805, 116.943319 
, 204.160803, 174.938100, 203.750833, 174.587483, 204.413020, 175.151326 
, 203.753368, 232.784900, 203.344734, 232.314016, 204.000709, 233.067728 
, 204.673160, -58.458810, 204.258624, -58.342766, 204.926638, -58.527488 
, 204.739287, 0.000000, 204.325601, -0.000000, 204.990671, 0.000000 
, 204.673160, 58.458810, 204.258624, 58.342766, 204.926937, 58.527945 
, 259.244799, -403.128086, 258.729310, -402.323035, 259.555463, -403.616544 
, 259.244799, 403.128086, 258.729310, 402.323035, 259.555344, 403.616821 
, 260.028389, -346.566173, 259.511004, -345.877089, 260.344246, -346.989282 
, 260.028389, 346.566173, 259.511004, 345.877089, 260.344246, 346.989282 
, 260.744460, -289.607834, 260.223605, -289.026144, 261.061761, -289.958428 
, 261.365081, -232.237712, 260.840058, -231.771996, 261.685453, -232.520716 
, 261.365081, 232.237712, 260.840058, 231.771996, 261.685453, 232.520716 
, 260.744460, 289.607834, 260.223605, 289.026144, 261.061648, 289.958525 
, 261.896666, -174.531828, 261.369018, -174.182409, 262.217371, -174.743321 
, 262.265970, -116.524268, 261.738748, -116.294323, 262.589077, -116.666674 
, 262.265970, 116.524268, 261.738748, 116.294323, 262.589077, 116.666674 
, 261.896666, 174.531828, 261.369018, 174.182409, 262.217294, 174.743412 
, 262.500363, -58.311449, 261.969334, -58.200407, 262.825084, -58.381053 
, 262.581623, -0.000000, 262.052531, -0.000000, 262.904329, 0.000000 
, 262.500363, 58.311449, 261.969334, 58.200407, 262.825084, 58.381053 
, 316.193788, -402.279561, 315.566217, -401.478346, 316.575129, -402.767065 
, 316.193788, 402.279561, 315.566217, 401.478346, 316.574933, 402.767256 
, 317.073936, -345.765569, 316.441742, -345.079271, 317.458813, -346.185626 
, 317.073936, 345.765569, 316.441742, 345.079271, 317.458813, 346.185626 
, 317.885829, -288.887915, 317.252698, -288.312794, 318.273859, -289.238802 
, 317.885829, 288.887915, 317.252698, 288.312794, 318.273938, 289.238896 
, 318.596807, -231.629379, 317.957487, -231.166208, 318.988947, -231.908058 
, 319.196341, -174.035378, 318.554270, -173.689045, 319.587201, -174.247206 
, 319.196341, 174.035378, 318.554270, 173.689045, 319.587457, 174.247476 
, 318.596807, 231.629379, 317.957487, 231.166208, 318.988947, 231.908058 
, 319.621823, -116.186119, 318.980652, -115.957098, 320.013651, -116.325549 
, 319.904937, -58.141366, 319.260113, -58.029312, 320.298248, -58.210128 
, 320.001276, 0.000000, 319.355810, 0.000000, 320.394378, -0.000000 
, 319.904937, 58.141366, 319.260113, 58.029312, 320.298148, 58.210235 
, 319.621823, 116.186119, 318.980652, 115.957098, 320.013651, 116.325549 
, 372.822792, -401.358460, 372.083717, -400.561626, 373.274447, -401.842625 
, 372.822792, 401.358460, 372.083717, 400.561626, 373.274226, 401.842804 
, 373.753958, -344.882942, 373.011439, -344.196564, 374.208005, -345.299985 
, 373.753958, 344.882942, 373.011439, 344.196564, 374.208005, 345.299985 
, 374.631240, -288.075461, 373.884696, -287.501141, 375.087052, -288.423772 
, 374.631240, 288.075461, 373.884696, 287.501141, 375.087149, 288.423879 
, 375.410086, -230.940067, 374.658216, -230.478376, 375.865217, -231.218803 
, 376.055595, -173.503097, 375.303092, -173.158370, 376.512512, -173.712434 
, 376.055595, 173.503097, 375.303092, 173.158370, 376.512497, 173.712620 
, 375.410086, 230.940067, 374.658216, 230.478376, 375.865217, 231.218803 
, 376.528888, -115.810003, 375.774347, -115.581097, 376.988077, -115.950776 
, 376.817941, -57.948005, 376.064555, -57.836680, 377.279865, -58.016599 
, 376.921579, 0.000000, 376.164472, 0.000000, 377.381879, 0.000000 
, 376.817941, 57.948005, 376.064555, 57.836680, 377.279649, 58.016791 
, 376.528888, 115.810003, 375.774347, 115.581097, 376.988077, 115.950776 
, 429.165228, -400.414365, 428.312224, -399.619271, 429.685444, -400.900225 
, 429.165228, 400.414365, 428.312224, 399.619271, 429.685336, 400.900671 
, 430.100264, -343.962834, 429.244077, -343.277882, 430.621934, -344.376336 
, 430.100264, 343.962834, 429.244077, 343.277882, 430.621934, 344.376336 
, 430.992693, -287.224707, 430.136612, -286.654021, 431.515252, -287.571478 
, 430.992693, 287.224707, 430.136612, 286.654021, 431.515161, 287.571568 
, 431.791947, -230.201579, 430.933324, -229.745769, 432.316122, -230.482301 
, 431.791947, 230.201579, 430.933324, 229.745769, 432.316122, 230.482301 
, 432.455770, -172.920740, 431.591103, -172.579627, 432.977552, -173.130295 
, 432.956429, -115.416654, 432.092408, -115.191524, 433.484408, -115.552310 
, 433.261048, -57.740969, 432.395037, -57.630226, 433.785472, -57.809600 
, 433.261048, 57.740969, 432.395037, 57.630226, 433.785573, 57.809701 
, 432.956429, 115.416654, 432.092408, 115.191524, 433.484408, 115.552310 
, 432.455770, 172.920740, 431.591103, 172.579627, 432.977370, 173.130480 
, 433.366735, -0.000000, 432.500006, 0.000000, 433.891556, 0.000000 
, 485.288936, -399.507896, 484.322425, -398.713729, 485.877629, -399.994557 
, 485.288936, 399.507896, 484.322425, 398.713729, 485.877727, 399.994642 
, 486.169957, -343.055388, 485.204173, -342.372958, 486.759717, -343.468639 
, 486.169957, 343.055388, 485.204173, 342.372958, 486.759717, 343.468639 
, 487.026476, -286.377183, 486.059559, -285.809948, 487.614819, -286.722902 
, 487.026476, 286.377183, 486.059559, 285.809948, 487.614537, 286.723214 
, 487.803374, -229.470581, 486.834251, -229.016954, 488.392083, -229.746615 
, 487.803374, 229.470581, 486.834251, 229.016954, 488.392083, 229.746615 
, 488.452497, -172.335053, 487.482270, -171.996292, 489.044099, -172.542866 
, 488.956228, -114.995551, 487.985077, -114.773118, 489.549359, -115.133893 
, 489.260630, -57.541805, 488.286654, -57.430996, 489.854631, -57.609905 
, 489.260630, 57.541805, 488.286654, 57.430996, 489.854721, 57.610188 
, 488.956228, 114.995551, 487.985077, 114.773118, 489.549359, 115.133893 
, 488.452497, 172.335053, 487.482270, 171.996292, 489.044099, 172.542866 
, 489.357590, 0.000000, 488.384824, 0.000000, 489.951593, -0.000000 
, 541.301702, -398.706375, 540.226452, -397.909508, 541.961086, -399.191367 
, 541.301702, 398.706375, 540.226452, 397.909508, 541.960985, 399.191454 
, 542.051510, -342.223943, 540.978569, -341.542676, 542.709981, -342.636193 
, 542.051510, 342.223943, 540.978569, 341.542676, 542.709981, 342.636193 
, 542.810425, -285.586957, 541.739097, -285.020116, 543.467982, -285.930141 
, 542.810425, 285.586957, 541.739097, 285.020116, 543.468184, 285.930343 
, 543.519882, -228.780525, 542.448595, -228.326035, 544.178518, -229.054631 
, 544.142040, -171.774753, 543.069665, -171.435813, 544.801740, -171.981239 
, 544.142040, 171.774753, 543.069665, 171.435813, 544.801740, 171.981239 
, 543.519882, 228.780525, 542.448595, 228.326035, 544.178518, 229.054631 
, 544.592934, -114.615822, 543.518454, -114.391685, 545.250579, -114.753269 
, 544.892003, -57.344666, 543.817260, -57.235691, 545.551997, -57.411916 
, 544.992519, 0.000000, 543.917662, -0.000000, 545.653867, 0.000000 
, 544.892003, 57.344666, 543.817260, 57.235691, 545.551997, 57.411918 
, 544.592934, 114.615822, 543.518454, 114.391685, 545.250579, 114.753269 
, 597.357749, -398.096461, 596.163521, -397.291739, 598.094527, -398.585509 
, 597.357749, 398.096461, 596.163521, 397.291739, 598.094527, 398.585509 
, 597.903746, -341.534340, 596.712047, -340.850828, 598.633620, -341.953042 
, 597.903746, 341.534340, 596.712047, 340.850828, 598.633620, 341.953042 
, 598.517173, -284.905445, 597.328998, -284.337079, 599.247350, -285.248536 
, 599.108192, -228.147484, 597.924053, -227.694348, 599.837390, -228.422932 
, 599.108192, 228.147484, 597.924053, 227.694348, 599.837390, 228.422932 
, 598.517173, 284.905445, 597.328998, 284.337079, 599.247527, 285.248729 
, 599.625357, -171.257050, 598.438106, -170.920668, 600.353768, -171.464120 
, 600.033886, -114.249826, 598.851354, -114.027543, 600.763533, -114.385696 
, 600.299574, -57.148441, 599.113230, -57.038621, 601.029455, -57.214763 
, 600.388306, -0.000000, 599.203411, -0.000000, 601.117621, 0.000000 
, 600.299574, 57.148441, 599.113230, 57.038621, 601.029355, 57.214860 
, 600.033886, 114.249826, 598.851354, 114.027543, 600.763533, 114.385703 
, 599.625357, 171.257050, 598.438106, 170.920668, 600.353649, 171.464594 




Optical and SMIA TV Distortion Analysis

Image Size in Pixels
Image Height, 1000
Image Width, 1236
Image Radius, 7.956397e+02

Maximum Optical Distortion (as a %), NaN
Minimum Optical Distortion (as a %), -3.069524
SMIA TV Distortion (as a %), -1.490679
Grid Rotation Angle (in degrees), 0.000000
CPIQ Distortion Metric (as a %), 3.069524
CPIQ Quality Loss, 0.694514
CPIQ Quality Loss Barrel/Pincushion, 0.694514
CPIQ Quality Loss Wave, 3.960518

Radial Distortion Polynomial Coefficients (radius in normalized units), r^3, r^2, r^1, r^0
, 5.046785e+00, -8.824525e+00, 2.795275e-01, 1.163201e-01

Radial Distortion Polynomial Coefficients (radius in pixels), r^3, r^2, r^1, r^0
, 1.001995e-08, -1.393986e-05, 3.513243e-04, 1.163201e-01

Optical Grid Distortion Values (as a %), Grid size, 15, 22
,-3.040651,-2.900435,-2.732830,-2.514001,-2.266766,-2.026693,-1.828963,-1.655557,-1.518618,-1.412354,-1.369792,-1.364847,-1.398103,-1.496607,-1.627799,-1.797452,-1.993108,-2.232377,-2.479687,-2.699149,-2.867714,-3.009073
,-2.981696,-2.760106,-2.533306,-2.286994,-2.040345,-1.776252,-1.563023,-1.350725,-1.200111,-1.081206,-1.064066,-1.057326,-1.062046,-1.171235,-1.315378,-1.524123,-1.735971,-2.000149,-2.247753,-2.495502,-2.723963,-2.947290
,-2.863907,-2.651725,-2.367463,-2.063585,-1.795313,-1.515436,-1.287464,-1.107143,-0.918515,-0.768069,-0.724851,-0.715142,-0.741088,-0.879361,-1.061243,-1.238970,-1.467006,-1.748424,-2.018928,-2.325310,-2.612087,-2.826656
,-2.760324,-2.512659,-2.217893,-1.917119,-1.595399,-1.314029,-1.052386,-0.759114,-0.671398,-0.544651,-0.455480,-0.440352,-0.504272,-0.616264,-0.698372,-0.991704,-1.256054,-1.541154,-1.866822,-2.171369,-2.469601,-2.720375
,-2.698603,-2.376806,-2.093898,-1.758154,-1.432873,-1.110766,-0.804729,-0.668794,-0.526279,-0.351584,-0.204612,-0.177968,-0.285945,-0.445710,-0.587962,-0.729332,-1.042306,-1.371114,-1.702370,-2.043301,-2.330646,-2.656282
,-2.615450,-2.336994,-1.981903,-1.631791,-1.305705,-1.037840,-0.696118,-0.531571,-0.350731,-0.263403,-0.124174,-0.066127,-0.145117,-0.230626,-0.425708,-0.605069,-0.959325,-1.237178,-1.571298,-1.927925,-2.288366,-2.571239
,-2.567822,-2.273175,-1.928102,-1.590184,-1.248941,-0.901562,-0.639087,-0.330571,-0.195454,-0.232868,-0.038124,0.159543,-0.005200,-0.025343,-0.200461,-0.535117,-0.815387,-1.175618,-1.526493,-1.871882,-2.222915,-2.522396
,-2.548400,-2.246433,-1.914970,-1.552332,-1.186618,-0.822000,-0.641046,-0.318920,-0.220472,-0.243064,0.000000,0.992641,0.085923,-0.023164,-0.178165,-0.531941,-0.732903,-1.111511,-1.487484,-1.857964,-2.195601,-2.502552
,-2.567822,-2.273175,-1.928102,-1.590184,-1.248941,-0.901562,-0.639087,-0.330571,-0.195454,-0.232868,-0.038124,0.159543,-0.005200,-0.025343,-0.200461,-0.535117,-0.815387,-1.175618,-1.526493,-1.871882,-2.222915,-2.522396
,-2.615450,-2.336994,-1.981903,-1.631791,-1.305705,-1.037840,-0.696118,-0.531571,-0.350731,-0.263403,-0.124174,-0.066127,-0.145117,-0.230626,-0.425708,-0.605069,-0.959325,-1.237178,-1.571298,-1.927925,-2.288366,-2.571239
,-2.698603,-2.376806,-2.093898,-1.758154,-1.432873,-1.110766,-0.804729,-0.668794,-0.526279,-0.351584,-0.204612,-0.177968,-0.285945,-0.445710,-0.587962,-0.729332,-1.042306,-1.371114,-1.702370,-2.043301,-2.330646,-2.656282
,-2.760324,-2.512659,-2.217893,-1.917119,-1.595399,-1.314029,-1.052386,-0.759114,-0.671398,-0.544651,-0.455480,-0.440352,-0.504272,-0.616264,-0.698372,-0.991704,-1.256054,-1.541154,-1.866822,-2.171369,-2.469601,-2.720375
,-2.863907,-2.651725,-2.367463,-2.063585,-1.795313,-1.515436,-1.287464,-1.107143,-0.918515,-0.768069,-0.724851,-0.715142,-0.741088,-0.879361,-1.061243,-1.238970,-1.467006,-1.748424,-2.018928,-2.325310,-2.612087,-2.826656
,-2.981696,-2.760106,-2.533306,-2.286994,-2.040345,-1.776252,-1.563023,-1.350725,-1.200111,-1.081206,-1.064066,-1.057326,-1.062046,-1.171235,-1.315378,-1.524123,-1.735971,-2.000149,-2.247753,-2.495502,-2.723963,-2.947290
,-3.040651,-2.900435,-2.732830,-2.514001,-2.266766,-2.026693,-1.828963,-1.655557,-1.518618,-1.412354,-1.369792,-1.364847,-1.398103,-1.496607,-1.627799,-1.797452,-1.993108,-2.232377,-2.479687,-2.699149,-2.867714,-3.009073


Exif data
File Modification Date/Time     , 2020:10:01 05:25:34+03:00
Image Width                     , 1236
Image Height                    , 1000
